-- phpMyAdmin SQL Dump
-- version 5.2.0
-- https://www.phpmyadmin.net/
--
-- 主機： 127.0.0.1:3306
-- 產生時間： 2024-09-17 12:32:30
-- 伺服器版本： 5.7.40
-- PHP 版本： 8.0.26

SET SQL_MODE = "NO_AUTO_VALUE_ON_ZERO";
START TRANSACTION;
SET time_zone = "+00:00";


/*!40101 SET @OLD_CHARACTER_SET_CLIENT=@@CHARACTER_SET_CLIENT */;
/*!40101 SET @OLD_CHARACTER_SET_RESULTS=@@CHARACTER_SET_RESULTS */;
/*!40101 SET @OLD_COLLATION_CONNECTION=@@COLLATION_CONNECTION */;
/*!40101 SET NAMES utf8mb4 */;

--
-- 資料庫： `testdb`
--

-- --------------------------------------------------------

--
-- 資料表結構 `comments`
--

DROP TABLE IF EXISTS `comments`;
CREATE TABLE IF NOT EXISTS `comments` (
  `ID` int(11) NOT NULL AUTO_INCREMENT,
  `Name` varchar(30) COLLATE utf8mb4_unicode_520_ci NOT NULL,
  `Tel` int(15) NOT NULL,
  `Email` varchar(30) COLLATE utf8mb4_unicode_520_ci NOT NULL,
  `Remark` varchar(100) COLLATE utf8mb4_unicode_520_ci DEFAULT NULL,
  `State` varchar(1) COLLATE utf8mb4_unicode_520_ci NOT NULL DEFAULT 'Y' COMMENT 'Y:啟用',
  `Create_at` timestamp NOT NULL DEFAULT CURRENT_TIMESTAMP,
  PRIMARY KEY (`ID`)
) ENGINE=MyISAM AUTO_INCREMENT=5 DEFAULT CHARSET=utf8mb4 COLLATE=utf8mb4_unicode_520_ci;

--
-- 傾印資料表的資料 `comments`
--

INSERT INTO `comments` (`ID`, `Name`, `Tel`, `Email`, `Remark`, `State`, `Create_at`) VALUES
(1, 'user001', 625648950, 'user001@test.com', 'test text', 'Y', '2024-09-17 10:28:59'),
(2, 'user002', 625648950, 'user001@test.com', 'test text', 'Y', '2024-09-17 10:35:59'),
(3, 'user003', 625648950, 'user001@test.com', 'test text', 'N', '2024-09-17 10:40:59'),
(4, 'user004', 625648950, 'user001@test.com', 'test text', 'Y', '2024-09-17 11:40:59');

-- --------------------------------------------------------

--
-- 資料表結構 `hoteldata`
--

DROP TABLE IF EXISTS `hoteldata`;
CREATE TABLE IF NOT EXISTS `hoteldata` (
  `name` varchar(255) COLLATE utf8_unicode_ci NOT NULL,
  `certification_category` varchar(255) COLLATE utf8_unicode_ci NOT NULL,
  `tel` varchar(255) COLLATE utf8_unicode_ci NOT NULL,
  `display_addr` varchar(255) COLLATE utf8_unicode_ci NOT NULL,
  `poi_addr` varchar(255) COLLATE utf8_unicode_ci NOT NULL,
  `traffic_info` varchar(255) COLLATE utf8_unicode_ci NOT NULL,
  `X` varchar(255) COLLATE utf8_unicode_ci NOT NULL,
  `Y` varchar(255) COLLATE utf8_unicode_ci NOT NULL
) ENGINE=InnoDB DEFAULT CHARSET=utf8 COLLATE=utf8_unicode_ci;

--
-- 傾印資料表的資料 `hoteldata`
--

INSERT INTO `hoteldata` (`name`, `certification_category`, `tel`, `display_addr`, `poi_addr`, `traffic_info`, `X`, `Y`) VALUES
('銀寶旅店', '旅館業', '2555-1130', '台北市大同區延平北路1段121號', '台北市延平北路一段121號', '', '121.51187519464591', '25.05290226620033'),
('八方美學商旅', '旅館業', '23583500', '台北市中正區金山南路1段8號', '台北市金山南路一段8號', '', '121.5293437320631', '25.042315990001143'),
('台北福華大飯店', '旅館業', '27002323', '台北市大安區仁愛路3段160號', '台北市仁愛路三段160號', '', '121.5430451816012', '25.037732528278116'),
('喜瑞飯店', '旅館業', '2541-0077', '台北市中山區長安東路1段65號', '台北市長安東路一段65號', '', '121.52933253120945', '25.047968464999098'),
('友泰大飯店', '旅館業', '2709-2177', '台北市大安區新生南路1段143-6號', '台北市新生南路一段143之6號', '', '121.53293792982828', '25.035922543781687'),
('新凱飯店', '旅館業', '2585-5000', '台北市中山區新生北路3段76-1號', '台北市新生北路三段76之1號', '', '121.5273228429758', '25.066539456284637'),
('兄弟大飯店', '旅館業', '27123456-2101', '台北市中山區南京東路3段255號', '台北市南京東路三段255號', '', '121.54457210587111', '25.0520657460339'),
('杰洋旅館-菁山遊憩區', '旅館業', '2862-3666', '台北市士林區菁山路101巷71弄16號', '台北市菁山路101巷71弄16號', '', '121.55923442047428', '25.153515560496775'),
('金殿唯客樂飯店', '旅館業', '85026161', '台北市中山區植福路286巷6號', '台北市植福路286巷6號', '', '121.56058320058649', '25.081502997909794'),
('台北商旅慶城館', '旅館業', '87127589', '台北市松山區慶城街12號', '台北市慶城街12號', '', '121.54502211902508', '25.05298351260464'),
('富園國際商務飯店', '旅館業', '23887890', '台北市萬華區中華路1段178號B1-8樓', '台北市中華路一段178號', '', '121.50695696523636', '25.039200821167256'),
('六福皇宮 ', '旅館業', '8770-6565', '台北市中山區南京東路3段133號', '台北市南京東路三段133號', '', '121.54121015734312', '25.05222203140241'),
('印石時尚旅館', '旅館業', '86617070', '台北市文山區秀明路2段16號', '台北市秀明路二段16號', '', '121.57433976372856', '24.991654779102856'),
('高雅賓館有限公司', '旅館業', '2738-8947', '台北市大安區和平東路3段141號', '台北市和平東路三段141號', '', '121.55255315943471', '25.024872160294798'),
('城市商旅股份有限公司', '旅館業', '25561700', '台北市大同區南京西路169號', '台北市南京西路169號', '', '121.51268203016654', '25.0540891773327'),
('國王大飯店', '旅館業', '2581-1111', '台北市中山區南京東路1段118號', '台北市南京東路一段118號', '', '121.52657244632795', '25.051941861315488'),
('台北美侖大飯店', '旅館業', '579-3888 ', '台北市復興南路1段317號', '台北市復興南路一段317號', '', '121.5438369320811', '25.034233564408307'),
('鳳凰閣旅社', '旅館業', '28912364', '台北市北投區溫泉路天主巷2號', '台北市溫泉路天主巷2號', '', '121.51055413109214', '25.135813574875268'),
('新驛旅店', '旅館業', '23148008', '台北市中正區懷寧街7號', '台北市懷寧街7號', '', '121.51423375561524', '25.046269904502516'),
('台北國際飯店', '旅館業', '66285999-2155', '台北市中山區南京東路1段66號', '台北市南京東路一段66號', '', '121.52503274104876', '25.051968229773472'),
('台北凱撒大飯店', '旅館業', '2311-5151', '台北市中正區忠孝西路1段38號', '台北市忠孝西路一段38號', '', '121.51635964865031', '25.046276542231094'),
('晶華國際酒店股份有限公司', '旅館業', '2532-8000', '台北市中山區中山北路2段41號', '台北市中山北路二段41號', '', '121.52369634091073', '25.05423521153533'),
('台北官邸飯店', '旅館業', '28805599', '台北市士林區文林路102號', '台北市文林路102號', '', '121.52626866321748', '25.087935596227272'),
('寶格利時尚旅館', '旅館業', '2382-1314', '台北市萬華區中華路1段168號', '台北市中華路一段168號', '', '121.50754327126246', '25.041246150123193'),
('蒲園飯店股份有限公司', '旅館業', '2753-0772', '台北市松山區八德路4段176號', '台北市八德路四段176號', '', '121.56337574145029', '25.04861266535296'),
('喬美旅店', '旅館業', '27630555', '台北市松山區八德路4段16號', '台北市八德路四段16號', '', '121.55844342760074', '25.04819027825083'),
('六福客棧', '旅館業', '2507-3211', '台北市中山區長春路168號', '台北市長春路168號', '', '121.53329134190167', '25.05470330123891'),
('美麗信酒店', '旅館業', '77028800-2232', '台北市中山區市民大道3段83號', '台北市市民大道三段83號', '', '121.53712411322033', '25.045062799957137'),
('台北國賓大飯店', '旅館業', '2551-1111', '台北市中山區中山北路2段63號', '台北市中山北路二段63號', '', '121.52298325530936', '25.056869190547467'),
('皇都唯客樂飯店', '旅館業', '25796162', '台北市松山區南京東路4段55-1號', '台北市南京東路四段55之1號', '', '121.55233800957465', '25.05189724456333'),
('丹迪旅店-大安森林公園店', '旅館業', '27076899', '台北市大安區信義路3段33號', '台北市信義路三段33號', '', '121.53457625061638', '25.033802028670475'),
('亞都麗緻大飯店', '旅館業', '2597-1234', '台北市中山區民權東路2段41號', '台北市民權東路二段41號', '', '121.52994377708238', '25.062810908990105'),
('全家歡旅店', '旅館業', '23814755', '台北市中正區忠孝西路1段72號4樓', '台北市忠孝西路一段72號', '', '121.51401493335702', '25.046863644883583'),
('亞士都飯店', '旅館業', '25513131', '台北市中山區林森北路98號', '台北市林森北路98號', '', '121.52469267170945', '25.050226552311738'),
('東皇渡假旅店', '旅館業', '28913027', '台北市北投區溫泉路141號', '台北市溫泉路141號', '', '121.51238765900194', '25.138077471173602'),
('圓山大飯店', '旅館業', '2886-1818', '台北市中山區中山北路4段1號', '台北市中山北路四段1號', '', '121.52644318326185', '25.074482703707602'),
('香城松山大飯店〈豪城〉', '旅館業', '2769-3969', '台北市松山區八德路4段624巷1號', '台北市八德路四段624巷1號', '', '121.5741096896246', '25.04965419228325'),
('台北福容大飯店', '旅館業', '27019266', '台北市大安區建國南路1段266號', '台北市建國南路一段266號', '', '121.53714876485122', '25.036693882361835'),
('南美大飯店', '旅館業', '28924546', '台北市北投區幽雅路14號', '台北市幽雅路14號', '', '121.51356051722148', '25.13747927905855'),
('大順大飯店', '旅館業', '23818710', '台北市萬華區漢中街170.172號', '台北市漢中街170.172號', '', '121.50636832478419', '25.04103264485138'),
('東龍大飯店', '旅館業', '2311-6969', '台北市萬華區漢口街2段23號2-8樓', '台北市漢口街二段23號', '', '121.50790716729557', '25.045531764892583'),
('首都唯客樂飯店', '旅館業', '2507-0169', '台北市中山區長春路187號', '台北市長春路187號', '', '121.53770420311457', '25.05488349831586'),
('友統飯店', '旅館業', '2773-5177', '台北市大安區忠孝東路4段197號13樓', '台北市忠孝東路四段197號', '', '121.55157396661014', '25.041715859234632'),
('神旺商務酒店', '旅館業', '25115185', '台北市中山區南京東路1段128號', '台北市南京東路一段128號', '', '121.52699108303797', '25.051931565222816'),
('山樂溫泉', '旅館業', '28913388', '台北市北投區泉源路18號', '台北市泉源路18號', '', '121.50549396368226', '25.13877470178581'),
('水都溫泉會館', '旅館業', '28979060', '台北市北投區溫泉路284號', '台北市溫泉路284號', '', '121.51424356426058', '25.141049378020156'),
('星辰大飯店', '旅館業', '23971377', '台北市中正區金山南路1段80號', '台北市金山南路一段80號', '', '121.52756415195745', '25.036475558517278'),
('32行館', '旅館業', '66117888', '台北市北投區中山路32號', '台北市中山路32號', '', '121.51029761819704', '25.137801331916474'),
('Eclat Hotel Taipei台北怡亨酒店', '旅館業', '27848888', '台北市大安區敦化南路1段370號', '台北市敦化南路一段370號', '', '121.54839790335139', '25.03371485193259'),
('台北教師會館', '旅館業', '2341-9161', '台北市中正區南海路15號', '台北市南海路15號', '', '121.51522229856674', '25.032262200392516'),
('水美溫泉會館', '旅館業', '', '台北市北投區光明路225號', '台北市光明路225號', '', '121.50207770505526', '25.136685702675884'),
('莎多堡奇幻旅館', '旅館業', '85027578', '台北市中山區敬業二路75號', '台北市敬業二路75號', '', '121.55412215609189', '25.082210249765488'),
('台北商旅', '旅館業', '8773-3799', '台北市大安區大安路1段135號', '台北市大安路一段135號', '', '121.54611911605633', '25.03871757370306'),
('儷園飯店', '旅館業', '23657367', '台北市中正區羅斯福路3段98號', '台北市羅斯福路三段98號', '', '121.5268720383509', '25.021549589098733'),
('山水樂會館', '旅館業', '28922665', '台北市北投區中和街20巷6號', '台北市中和街20巷6號', '', '121.50370020216296', '25.13806909824535'),
('陽明山中國麗緻大飯店', '旅館業', '2861-6661', '台北市士林區格致路237號', '台北市格致路237號', '', '121.54889110025053', '25.143505794249513'),
('友春企業有限公司', '旅館業', '2597-2588', '台北市中山區民權西路55號', '台北市民權西路55號', '', '121.5203637013936', '25.06306710652951'),
('富粧商務旅店', '旅館業', '23711247', '台北市萬華區康定路6號2樓', '台北市康定路6號', '', '121.50310222485275', '25.04591265094872'),
('比堤飯店', '旅館業', '2506-6768', '台北市中山區建國北路2段91.93號', '台北市建國北路二段91.93號', '', '121.53738046464038', '25.05877772176908'),
('歐華酒店', '旅館業', '2585-3258', '台北市中山區林森北路646號', '台北市林森北路646號', '', '121.52558739547835', '25.06814134576785'),
('三德觀光大飯店', '旅館業', '25963121-3701', '台北市大同區承德路3段49號', '台北市承德路三段49號', '', '121.51849236786819', '25.064904246598076'),
('新驛旅店-後站店', '旅館業', '2555-5577', '台北市大同區長安西路83號', '台北市長安西路83號', '', '121.51651999916653', '25.05112566526493'),
('金來商旅', '旅館業', '2397-9399', '台北市中正區金山南路1段71號', '台北市金山南路一段71號', '', '121.52815965535629', '25.037345683073355'),
('國際大旅館', '旅館業', '2861-7100', '台北市北投區湖山路一段7號', '台北市湖山路一段7號', '', '121.54798304020895', '25.15225613477407'),
('台北和璞旅店', '旅館業', '85020505', '台北市中山區樂群三路123號1-5樓', '台北市樂群三路123號', '', '121.55461042802773', '25.082861033553094'),
('春天酒店', '旅館業', '28924546', '台北市北投區幽雅路18號', '台北市幽雅路18號', '', '121.5135533633816', '25.137693569464748'),
('馥麗精品旅館', '旅館業', '2658-6167', '台北市內湖區內湖路1段325號', '台北市內湖路一段325號', '', '121.56802149904044', '25.082326235357094'),
('凱統大飯店', '旅館業', '2721-1162', '台北市大安區忠孝東路3段8號3-9樓', '台北市忠孝東路三段8號', '', '121.53347847149233', '25.04204825273093'),
('台北花園大酒店', '旅館業', '23143300-3400', '台北市萬華區中華路2段1號', '台北市中華路二段1號', '', '121.50681784211186', '25.03649270973606'),
('華泰大飯店', '旅館業', '25818111-1801', '台北市中山區林森北路369號', '台北市林森北路369號', '', '121.52558991010366', '25.057783785565064'),
('泉都溫泉休閒飯店', '旅館業', '28960077', '台北市北投區光明路221號', '台北市光明路221號', '', '121.50465970044843', '25.136244129210485'),
('薇風商務旅館有限公司', '旅館業', '2563-3369', '台北市中山區中山北路2段77巷17-3號', '台北市中山北路二段77巷17之3號', '', '121.52381026100737', '25.057589036169603'),
('京都飯店', '旅館業', '28912151', '台北市北投區溫泉路106號', '台北市溫泉路106號', '', '121.50985506969407', '25.135982471477917'),
('東姿商務旅館', '旅館業', '25682005', '台北市中山區錦州街20號3樓', '台北市錦州街20號', '', '121.52407579044375', '25.060291581212176'),
('成都大飯店', '旅館業', '23831123', '台北市萬華區成都路115號', '台北市成都路115號', '', '121.50395645169588', '25.043354044204644'),
('京都商務旅館', '旅館業', '2567-3366', '台北市中山區長春路38號3-10樓', '台北市長春路38號', '', '121.52490982465075', '25.0548786830057'),
('台北綠蒂飯店', '旅館業', '2594-3901', '台北市中山區新生北路3段56巷14號2-7樓', '台北市新生北路三段56巷14號', '', '121.52680090157865', '25.065346373648183'),
('龍祥大飯店', '旅館業', '2367-0660', '台北市中正區水源路75號', '台北市水源路75號', '', '121.51999869931284', '25.021047531157006'),
('荷豐溫泉會館', '旅館業', '28979955', '台北市北投區溫泉路銀光巷2號', '台北市溫泉路銀光巷2號', '', '121.51290503819304', '25.13650752161539'),
('台北馥華商旅', '旅館業', '25118896', '台北市中山區一江街3號', '台北市一江街3號', '', '121.53152865088595', '25.050787014774993'),
('美代溫泉飯店', '旅館業', '28912174', '台北市北投區光明路281號', '台北市光明路281號', '', '121.51077961189335', '25.137172641463856'),
('漾館溫泉商旅', '旅館業', '28914166', '台北市北投區泉源路64號', '台北市泉源路64號', '', '121.51297394146752', '25.141477690907426'),
('天成大飯店', '旅館業', '23617856-239', '台北市中正區忠孝西路1段43號', '台北市忠孝西路一段43號', '', '121.51812439598368', '25.046261207328897'),
('豪麗飯店', '旅館業', '2776-6599', '台北市大安區大安路1段81號', '台北市大安路一段81號', '', '121.54617661502068', '25.041105710978577'),
('紅菱閣賓館', '旅館業', '2361-9696', '台北市萬華區峨眉街80號', '台北市峨眉街80號', '', '121.5053165835092', '25.043999511048966'),
('金帥大飯店', '旅館業', '2381-8131', '台北市萬華區昆明街142號7-8樓', '台北市昆明街142號', '', '121.50460510073408', '25.042601580039783'),
('台北老爺大酒店', '旅館業', '2542-3299', '台北市中山區中山北路2段37-1號', '台北市中山北路二段37之1號', '', '121.52280338614867', '25.053759363857527'),
('維多麗亞酒店', '旅館業', '8502-0000', '台北市中山區敬業四路169號', '台北市敬業四路169號', '', '121.55869647881963', '25.084323013348325'),
('東京國際飯店', '旅館業', '2564-3733', '台北市中山區長春路39號', '台北市長春路39號', '', '121.5258701343227', '25.055069570053757'),
('麗都唯客樂飯店', '旅館業', '2706-5600', '台北市大安區信義路3段11號', '台北市信義路三段11號', '', '121.53370417936294', '25.033819797548613'),
('王朝大酒店', '旅館業', '27197199', '台北市松山區敦化北路100號', '台北市敦化北路100號', '', '121.54852108179821', '25.052838894918988'),
('金國際旅社', '旅館業', '2331-3131', '台北市萬華區西寧南路157-159號2樓', '台北市西寧南路157之159號', '', '121.50620676320845', '25.0435407962969'),
('華國大飯店', '旅館業', '2596-5111', '台北市中山區林森北路600號', '台北市林森北路600號', '', '121.52555526915862', '25.066038734963097'),
('台北君悅大飯店', '旅館業', '27201234-3050', '台北市信義區松壽路2號', '台北市松壽路2號', '', '121.56257178107354', '25.03568543159874'),
('大來飯店', '旅館業', '27160011-211', '台北市松山區長春路432號', '台北市長春路432號', '', '121.54483509427453', '25.05447724024248'),
('太平洋溫泉會館', '旅館業', '28931668', '台北市北投區光明路281號', '台北市光明路281號', '', '121.51077961189335', '25.137172641463856'),
('淺草別館', '旅館業', '28913366', '台北市北投區溫泉路銀光巷4-3號', '台北市溫泉路銀光巷4之3號', '', '121.51365828976337', '25.136044861985354'),
('家美飯店', '旅館業', '23581234', '台北市中正區北平東路12號', '台北市北平東路12號', '', '121.52442505688656', '25.046077948064692'),
('麗湖大飯店', '旅館業', '2630-6636', '台北市內湖區成功路5段462號', '台北市成功路五段462號', '', '121.60626972083362', '25.0736679247847'),
('康華大飯店', '旅館業', '2521-5151', '台北市中山區松江路306號', '台北市松江路306號', '', '121.53290575340738', '25.060198675494757'),
('華麗大飯店', '旅館業', '23818111', '台北市萬華區康定路41號', '台北市康定路41號', '', '121.50230121988375', '25.04147938369202'),
('多郎明哥旅館', '旅館業', '2700-1200', '台北市大安區信義路3段73號', '台北市信義路三段73號', '', '121.53689984361715', '25.03375850603141'),
('香格里拉遠東國際大飯店', '旅館業', '2378-8888', '台北市大安區敦化南路2段201號', '台北市敦化南路二段201號', '', '121.54912239495587', '25.02665588514423'),
('名邑旅店', '旅館業', '3713151-3', '台北市中正區漢口街1段4號', '台北市漢口街一段4號', '', '121.51467603823019', '25.045119539188207'),
('台北馥敦商務旅館 復南館', '旅館業', '2703-1234', '台北市大安區復興南路2段41號', '台北市復興南路二段41號', '', '121.54372186944356', '25.031433267349453'),
('長榮桂冠酒店〈台北〉', '旅館業', '25019988', '台北市中山區松江路63號', '台北市松江路63號', '', '121.5331298178642', '25.048900657487437'),
('一樂園大飯店', '旅館業', '2314-1181', '台北市萬華區西寧南路24號', '台北市西寧南路24號', '', '121.50674924816613', '25.046134065334623'),
('法皇歐式精品旅館', '旅館業', '2789-0505', '台北市南港區重陽路122號', '台北市重陽路122號', '', '121.59989517438765', '25.056908823942035'),
('豪景大酒店', '旅館業', '2311-3131', '台北市萬華區環河南路1段77號', '台北市環河南路一段77號', '', '121.50147287950963', '25.044662639341784'),
('百樂匯大飯店', '旅館業', '28956658', '台北市北投區光明路248號', '台北市光明路248號', '', '121.5082123744891', '25.13642981061884'),
('台北馥敦飯店-復北路', '旅館業', '2718-8181', '台北市松山區復興北路315號', '台北市復興北路315號', '', '121.54436384578068', '25.05911426727621'),
('西華大飯店', '旅館業', '27181188-3301', '台北市松山區民生東路3段111號', '台北市民生東路三段111號', '', '121.54578298441525', '25.058085900849424'),
('水紗蓮旅館', '旅館業', '28915121', '台北市北投區中山路1-3號', '台北市中山路1之3號', '', '121.50457438682838', '25.137056812570805'),
('莎多堡奇幻旅館', '旅館業', '25319999', '台北市中山區中山北路1段83巷15號', '台北市中山區中山北路一段83巷15號', '', '121.52430442048818', '25.050060678068334'),
('中源大飯店', '旅館業', '25505799', '台北市大同區重慶北路1段73號', '台北市重慶北路一段73號', '', '121.51416928676042', '25.052278374396693'),
('第一華僑大飯店股份有限公司', '旅館業', '2541-8234', '台北市中山區南京東路2段63號', '台北市南京東路二段63號', '', '121.53020299327568', '25.052292606018828'),
('神旺大飯店', '旅館業', '2781-2822,2600', '台北市大安區忠孝東路4段172號', '台北市忠孝東路四段172號', '', '121.55095368848596', '25.041304223936795'),
('友友飯店', '旅館業', '2531-6767', '台北市中山區長春路24號2-9樓', '台北市長春路24號', '', '121.52415760395643', '25.05488929332673'),
('熱海大飯店', '旅館業', '28915161', '台北市北投區光明路259號', '台北市光明路259號', '', '121.50955208661071', '25.13662149334664'),
('華冠商旅HOTEL', '旅館業', '23616076', '台北市萬華區西昌街137.139號', '台北市西昌街137.139號', '', '121.50070327940159', '25.039802840169056');

-- --------------------------------------------------------

--
-- 資料表結構 `member`
--

DROP TABLE IF EXISTS `member`;
CREATE TABLE IF NOT EXISTS `member` (
  `ID` int(11) NOT NULL AUTO_INCREMENT,
  `Username` varchar(32) COLLATE utf8mb4_unicode_520_ci NOT NULL,
  `Seq` tinyint(4) NOT NULL DEFAULT '1' COMMENT '會員等級(1~100)\r\n等級越高權限越高',
  `Password` varchar(64) COLLATE utf8mb4_unicode_520_ci NOT NULL,
  `Address` varchar(50) COLLATE utf8mb4_unicode_520_ci DEFAULT NULL COMMENT '地址',
  `Region` varchar(10) COLLATE utf8mb4_unicode_520_ci DEFAULT NULL,
  `Town` varchar(10) COLLATE utf8mb4_unicode_520_ci DEFAULT NULL,
  `Tel` varchar(15) COLLATE utf8mb4_unicode_520_ci DEFAULT NULL,
  `Email` varchar(32) COLLATE utf8mb4_unicode_520_ci NOT NULL,
  `Birthday` date DEFAULT NULL,
  `Uid01` varchar(32) COLLATE utf8mb4_unicode_520_ci DEFAULT NULL COMMENT 'UID',
  `State` tinyint(4) NOT NULL DEFAULT '1' COMMENT '狀態(1:啟用/0:停用)',
  `Level` int(11) NOT NULL DEFAULT '0' COMMENT '會員等級',
  `Created_at` timestamp NOT NULL DEFAULT CURRENT_TIMESTAMP,
  PRIMARY KEY (`ID`)
) ENGINE=InnoDB AUTO_INCREMENT=38 DEFAULT CHARSET=utf8mb4 COLLATE=utf8mb4_unicode_520_ci;

--
-- 傾印資料表的資料 `member`
--

INSERT INTO `member` (`ID`, `Username`, `Seq`, `Password`, `Address`, `Region`, `Town`, `Tel`, `Email`, `Birthday`, `Uid01`, `State`, `Level`, `Created_at`) VALUES
(1, 'aaaa', 1, '', NULL, NULL, NULL, NULL, '', NULL, NULL, 1, 0, '2024-09-06 00:26:09'),
(2, 'xxx', 1, 'xxx', NULL, NULL, NULL, NULL, 'xxx', NULL, NULL, 1, 0, '2024-08-08 01:28:34'),
(3, 'xxx', 1, 'xxx', NULL, NULL, NULL, NULL, 'xxx', NULL, NULL, 1, 0, '2024-08-08 01:29:57'),
(4, 'xxx', 1, 'xxx', NULL, NULL, NULL, NULL, 'xxx', '1997-02-25', NULL, 1, 0, '2024-08-08 01:30:42'),
(5, 'xxx', 1, 'xxx', NULL, NULL, NULL, NULL, 'test05@gmail.com', '2024-08-16', NULL, 1, 0, '2024-08-08 01:30:45'),
(6, 'xxx', 1, 'xxx', NULL, NULL, NULL, NULL, 'test05@gmail.com', '2024-08-16', NULL, 1, 0, '2024-08-08 01:30:45'),
(7, 'xxx', 1, 'xxx', NULL, NULL, NULL, NULL, 'test05@gmail.com', '2024-08-16', NULL, 1, 0, '2024-08-08 01:30:45'),
(8, 'xxx', 1, 'xxx', NULL, NULL, NULL, NULL, 'test05@gmail.com', '2024-08-16', NULL, 1, 0, '2024-08-08 01:30:45'),
(9, 'xxx', 1, 'xxx', NULL, NULL, NULL, NULL, 'test05@gmail.com', '2024-08-16', NULL, 1, 0, '2024-08-08 01:30:45'),
(10, 'xxx', 1, 'xxx', NULL, NULL, NULL, NULL, 'test05@gmail.com', '2024-08-16', NULL, 1, 0, '2024-08-08 01:30:45'),
(11, 'xxx', 1, 'xxx', NULL, NULL, NULL, NULL, 'test05@gmail.com', '2024-08-16', NULL, 1, 0, '2024-08-08 01:30:45'),
(12, 'xxx', 1, 'xxx', NULL, NULL, NULL, NULL, 'test05@gmail.com', '2024-08-16', NULL, 1, 0, '2024-08-08 01:30:45'),
(13, 'xxx', 1, 'xxx', NULL, NULL, NULL, NULL, 'test05@gmail.com', '2024-08-16', NULL, 1, 0, '2024-08-08 01:30:45'),
(14, 'owner01', 100, '$2y$10$3aRgm5ObLP8WHnD9bAfI8.vnfU/QK5ujX01bLGFTBmbr9YOIctS2m', NULL, NULL, NULL, NULL, 'owner@test.com', '2012-05-20', '56b36e3d21403e29f22194ecc19b', 1, 900, '2024-08-08 03:21:44'),
(15, 'owner021', 1, '$2y$10$UDuQjg3tPnrjga1xB8Du9OFRp9tKxSI81R9VOwfCrVsc3gMjyvoYy', NULL, NULL, NULL, NULL, '123456', '2024-08-07', 'e4a9b73d718824b38b8e2b6f7eac', 1, 0, '2024-08-08 07:32:59'),
(16, 'owner02', 1, '$2y$10$UDuQjg3tPnrjga1xB8Du9OFRp9tKxSI81R9VOwfCrVsc3gMjyvoYy', NULL, NULL, NULL, NULL, '123456', '2024-08-07', 'a2cdc8ff0f173e3f2730bba9fa5h', 1, 0, '2024-08-08 07:32:59'),
(17, 'owner03', 1, '$2y$10$3cxJgp2FOKJW2kO4bnnyS.ynsa9/eT1VBv3FbfznZWeOXm24pzTyy', NULL, NULL, NULL, NULL, '123456', '2024-08-08', '4dfea243431fd329d7677e700b7d', 1, 200, '2024-08-08 07:44:25'),
(18, 'owner05', 1, '$2y$10$F2IAj/H/n52IZw1b1UPsqe1HglLp4b6WXdPMsXxz/VENs.hQ2HWSO', NULL, NULL, NULL, NULL, '12334', '2024-08-07', '62b781fcd9a77201b3358b172e38', 0, 0, '2024-08-13 01:56:24'),
(19, 'owner06', 1, '$2y$10$xzHHzfCZV.Xtps7eOVp5JOqVVPSwcCbDFAbzQqOtFShjPB5dtFRa6', NULL, NULL, NULL, NULL, '12345@gmail.com', '2024-08-15', 'abfc31e364a5e9079aa50420101f', 1, 100, '2024-08-20 02:47:14'),
(20, 'owner22', 1, '$2y$10$UDuQjg3tPnrjga1xB8Du9OFRp9tKxSI81R9VOwfCrVsc3gMjyvoYy', NULL, NULL, NULL, NULL, '123456', '2024-08-07', 'a2cdc8ff0f173e3f2730bba9fa5d', 1, 0, '2024-08-08 07:32:59'),
(21, 'owner07', 2, '$2y$10$/nMFI3k0SBA/pozLhXVJYOcPuapS64WmT/dkS3Njm.L8zsiu7NfTy', NULL, NULL, NULL, NULL, '123456@gmail.com', '2024-08-16', NULL, 1, 200, '2024-08-20 02:48:05'),
(22, 'owner08', 2, '$2y$10$llcLWF3ml3KZ5Vpl1ZUHJeOXENfCd5hHJuBTx6lGyviEadgG13FPm', NULL, NULL, NULL, NULL, '1234567@gmail.com', '2024-08-08', NULL, 1, 0, '2024-08-20 02:49:39'),
(23, 'owner09', 2, '$2y$10$pqgNv34LEPk/jEw6ctom3Oy0FTZBEdjmLFSfpx748w1J6ZrGk1Wfe', NULL, NULL, NULL, NULL, '123456789@gmail.com', '2024-08-08', NULL, 0, 0, '2024-08-20 02:50:49'),
(24, 'owner10', 2, '$2y$10$l4i8GPLBFmLAVYk9J9Yd6Odi4EUT10PZ.QowSnGxvcjc97yzTZyd6', NULL, NULL, NULL, NULL, '1234567890@gmail.com', '2024-08-16', NULL, 1, 200, '2024-08-20 02:51:28'),
(25, 'owner11', 1, '$2y$10$.gs1NRjCqJqmzfJrdA4L1e4fQR1HhlcbEEVb4uWVBZb1FukzoDX5G', NULL, NULL, NULL, NULL, '12345678901@gmail.com', '2024-08-08', NULL, 0, 0, '2024-08-20 03:21:15'),
(26, 'owner12', 3, '$2y$10$JYcDlwdj04pCT2s5phQSHenH6Fk6MfWHO5tva6BLHL5qPDf0jaAbu', NULL, NULL, NULL, NULL, '123456789013@gmail.com', '2024-08-23', NULL, 1, 0, '2024-08-20 03:39:52'),
(27, 'owner13', 3, '$2y$10$QNhTN3qXRD7aMUJ7THSLFetPJ0igLrS76bA/pf0CpAKvuqqDnWrpy', NULL, NULL, NULL, NULL, '13@gmai.com', '2024-08-12', NULL, 0, 0, '2024-08-20 07:57:59'),
(28, 'owner14', 3, '$2y$10$irsJ.HDaGuEQnz6AZVOoJO1yVCgPV/XY3JnomEHsaVwgwX4KhmYaa', NULL, NULL, NULL, NULL, '14@gmail.com', '2024-08-20', NULL, 1, 0, '2024-08-20 07:58:36'),
(29, 'owner15', 3, '$2y$10$CswlCosxTVIuYmp0.vd2Ku/PnqJ89vI2xTPx1dRxkqFz5H0VsB85u', NULL, NULL, NULL, NULL, '15@gmail.com', '2024-08-20', NULL, 1, 100, '2024-08-20 07:59:00'),
(30, 'owner16', 3, '$2y$10$3oM9F06muS/XMoQ2428tpu/KbB7RQh.RmMhNh6s/6.9JPqK65SSe.', NULL, NULL, NULL, NULL, '16@gmail.com', '2024-08-12', NULL, 1, 100, '2024-08-20 07:59:20'),
(31, 'owner17', 1, '$2y$10$gr5B3bbBZmFuTFGf.czqUuH7VBpQvLMSmXCPGC94VBAh.mChXWwsq', NULL, NULL, NULL, NULL, '16@gmail.com', '2024-08-13', NULL, 1, 0, '2024-08-20 07:59:55'),
(32, 'owner18', 1, '$2y$10$V08IlazhYwmR7MQlO/OLLObljEv1qQIiGv7RrYH/oDrImRCj/r3fO', NULL, NULL, NULL, NULL, '18@gmail.com', '2024-08-15', NULL, 1, 0, '2024-08-20 08:00:17'),
(33, 'owner19', 1, '$2y$10$XgLJyifZLRFyQzZ2GHC81ejCWSOAsDCZ//TNCb.tUXEZJyeoQh3g6', NULL, NULL, NULL, NULL, '19@gmail.com', '2024-08-20', NULL, 0, 0, '2024-08-20 08:00:40'),
(34, 'owner20', 1, '$2y$10$iPE1By6WtetcBpkScBh3l.E7A5xJ9gk4uWV/yOEuQmoLsGLw0Zzfi', NULL, NULL, NULL, NULL, '20@gmail.com', '2024-08-14', NULL, 1, 900, '2024-08-20 08:01:00'),
(35, '1111', 1, '$2y$10$cP7370/9mKEJfb77MpCGBu1BgvXTJnLiR8xy3OrmM9Ki07VkOmbJW', NULL, NULL, NULL, NULL, '125666@gmail.com', '2024-08-22', '83b1d33005f6fe3ef6309d47739a', 1, 0, '2024-08-23 05:12:58'),
(36, '1234', 1, '$2y$10$wlfI7UPi2q8QIfPyedoqreAEmI/Ve3NLRNQW9maih/zopWxEFzjBW', NULL, NULL, NULL, NULL, '123@123564566.com', '2024-08-23', '37a9747933ed599ce91ae718dee6', 1, 200, '2024-08-23 06:17:31'),
(37, 'owner059', 1, '$2y$10$D.fKWP3Nydvz6R9YNu7Tvurz861WbMF1yyy5w/SSXC9Y8hiPOy0dO', NULL, NULL, NULL, NULL, '1234579@gmail.com', '2024-09-13', NULL, 1, 0, '2024-09-09 03:16:47');

-- --------------------------------------------------------

--
-- 資料表結構 `member_icap`
--

DROP TABLE IF EXISTS `member_icap`;
CREATE TABLE IF NOT EXISTS `member_icap` (
  `ID` int(11) NOT NULL AUTO_INCREMENT,
  `Account_name` varchar(50) COLLATE utf8mb4_unicode_520_ci NOT NULL,
  `Password` varchar(30) COLLATE utf8mb4_unicode_520_ci NOT NULL,
  `Email` varchar(30) COLLATE utf8mb4_unicode_520_ci NOT NULL,
  `Interest` varchar(50) COLLATE utf8mb4_unicode_520_ci DEFAULT NULL,
  `Created_at` timestamp NOT NULL DEFAULT CURRENT_TIMESTAMP,
  PRIMARY KEY (`ID`)
) ENGINE=InnoDB AUTO_INCREMENT=12 DEFAULT CHARSET=utf8mb4 COLLATE=utf8mb4_unicode_520_ci;

--
-- 傾印資料表的資料 `member_icap`
--

INSERT INTO `member_icap` (`ID`, `Account_name`, `Password`, `Email`, `Interest`, `Created_at`) VALUES
(1, '1', '2', '3', '4', '2024-09-12 01:32:15'),
(2, 'ownertest', '12345678', 'owner@test.com', 'xx', '2024-09-12 01:34:27'),
(3, '222222', '22222222', '222', '打球, 逛街', '2024-09-12 01:41:53'),
(4, '222222', '22222222', '222', '閱讀, 打球, 電影, 爬山', '2024-09-12 02:07:07'),
(5, '22222', '22222222', '22', '閱讀, 打球, 電影', '2024-09-12 02:09:20'),
(6, '222222', '22222222', '222', '閱讀, 爬山, 逛街', '2024-09-12 02:10:00'),
(7, '12345', '12345678', '222@test.com', '閱讀, 打球, 電影, 爬山', '2024-09-12 02:13:11'),
(8, '12345', '12345678', '222@test.com', '閱讀, 打球, 電影, 爬山', '2024-09-12 02:13:23'),
(9, 'ownertest', '12345678', 'owner@test.com', 'xx', '2024-09-12 02:13:34'),
(10, 'ownertest2222', '12345678', 'owner@test.com', 'xx', '2024-09-12 02:13:43'),
(11, '12345', '12345678', '222@test.com', '閱讀, 打球, 電影, 爬山', '2024-09-12 02:16:03');

-- --------------------------------------------------------

--
-- 資料表結構 `orderitems`
--

DROP TABLE IF EXISTS `orderitems`;
CREATE TABLE IF NOT EXISTS `orderitems` (
  `Order_item_id` int(11) NOT NULL AUTO_INCREMENT,
  `Order_id` int(11) NOT NULL COMMENT '訂單資料表',
  `Product_id` int(11) NOT NULL COMMENT '產品名',
  `Quantity` int(11) NOT NULL COMMENT '訂購的產品數量',
  `Price` int(11) NOT NULL COMMENT '產品單價',
  `Total` int(11) NOT NULL COMMENT '總價',
  PRIMARY KEY (`Order_item_id`)
) ENGINE=InnoDB DEFAULT CHARSET=utf8mb4 COLLATE=utf8mb4_unicode_520_ci;

-- --------------------------------------------------------

--
-- 資料表結構 `orders`
--

DROP TABLE IF EXISTS `orders`;
CREATE TABLE IF NOT EXISTS `orders` (
  `Order_id` int(11) NOT NULL AUTO_INCREMENT,
  `Username` varchar(30) COLLATE utf8mb4_unicode_520_ci NOT NULL,
  `Order_date` timestamp NOT NULL DEFAULT CURRENT_TIMESTAMP,
  `Status` int(11) NOT NULL DEFAULT '1' COMMENT '1:待辦\r\n2:運送中\r\n3:已送達\r\n4:訂單取消',
  `Total_amount` int(11) DEFAULT NULL,
  `Shipping_address` varchar(255) COLLATE utf8mb4_unicode_520_ci DEFAULT NULL,
  `Create_date` timestamp NOT NULL DEFAULT CURRENT_TIMESTAMP,
  `Update_at` timestamp NOT NULL DEFAULT CURRENT_TIMESTAMP,
  PRIMARY KEY (`Order_id`)
) ENGINE=InnoDB AUTO_INCREMENT=2 DEFAULT CHARSET=utf8mb4 COLLATE=utf8mb4_unicode_520_ci;

--
-- 傾印資料表的資料 `orders`
--

INSERT INTO `orders` (`Order_id`, `Username`, `Order_date`, `Status`, `Total_amount`, `Shipping_address`, `Create_date`, `Update_at`) VALUES
(1, 'owner01', '2024-09-13 06:32:37', 1, 500, '台中市xx區xx路xx號', '2024-09-13 06:32:37', '2024-09-13 06:32:37');

-- --------------------------------------------------------

--
-- 資料表結構 `product`
--

DROP TABLE IF EXISTS `product`;
CREATE TABLE IF NOT EXISTS `product` (
  `ID` int(11) NOT NULL AUTO_INCREMENT COMMENT '產品編號',
  `Name` varchar(32) COLLATE utf8mb4_unicode_520_ci NOT NULL COMMENT '產品名稱',
  `Price` int(11) NOT NULL COMMENT '產品價格',
  `Num` int(11) NOT NULL COMMENT '產品數量',
  `Remark` varchar(128) COLLATE utf8mb4_unicode_520_ci NOT NULL COMMENT '產品備註',
  `Created_at` timestamp NOT NULL DEFAULT CURRENT_TIMESTAMP COMMENT '產品建檔時間',
  PRIMARY KEY (`ID`)
) ENGINE=InnoDB AUTO_INCREMENT=26 DEFAULT CHARSET=utf8mb4 COLLATE=utf8mb4_unicode_520_ci;

--
-- 傾印資料表的資料 `product`
--

INSERT INTO `product` (`ID`, `Name`, `Price`, `Num`, `Remark`, `Created_at`) VALUES
(1, '美式咖啡', 45, 10, '美式咖啡很好喝~~~~', '2024-07-16 00:58:30'),
(2, '濃縮', 50, 10, '濃縮~~~~~~~', '2024-07-16 01:00:07'),
(3, '拿鐵', 50, 20, '拿鐵~~~~~~', '2024-07-16 01:00:23'),
(4, '藍山', 40, 20, '藍山-------------------', '2024-07-16 01:00:43'),
(5, '黑咖啡', 40, 50, '黑咖啡********-//*/', '2024-07-16 01:01:10'),
(7, '雞腿飯', 100, 2, '雞腿飯!雞腿飯!!雞腿飯!!!', '2024-07-16 03:48:31'),
(8, '雞腿飯', 100, 2, '雞腿飯!雞腿飯!!雞腿飯!!!', '2024-07-16 05:20:03'),
(9, '雞腿飯', 100, 2, '好吃', '2024-07-16 05:48:18'),
(10, 'G腿', 50, 2, '好吃', '2024-07-16 06:09:53'),
(11, 'G', 100, 2, '好吃', '2024-07-18 01:36:20'),
(12, '美式', 123, 50, '美式美式美式', '2024-07-18 03:52:54');

-- --------------------------------------------------------

--
-- 資料表結構 `product_all`
--

DROP TABLE IF EXISTS `product_all`;
CREATE TABLE IF NOT EXISTS `product_all` (
  `ID` int(11) NOT NULL AUTO_INCREMENT,
  `Product_name` varchar(50) COLLATE utf8mb4_unicode_520_ci NOT NULL COMMENT '產品名稱',
  `Description` varchar(255) COLLATE utf8mb4_unicode_520_ci DEFAULT NULL COMMENT '產品描述',
  `Type_id` int(11) NOT NULL COMMENT '產品類別',
  `Price` int(11) DEFAULT NULL COMMENT '價格',
  `Price_discount` int(11) DEFAULT NULL COMMENT '優惠價格',
  `Stock` int(11) NOT NULL DEFAULT '0' COMMENT '庫存',
  `Image_url` varchar(255) COLLATE utf8mb4_unicode_520_ci DEFAULT NULL COMMENT '圖片地址',
  `State` tinyint(4) NOT NULL DEFAULT '1' COMMENT '1啟用\r\n0停用',
  `Created_at` timestamp NOT NULL DEFAULT CURRENT_TIMESTAMP COMMENT '建立時間',
  `Update_at` timestamp NOT NULL DEFAULT CURRENT_TIMESTAMP ON UPDATE CURRENT_TIMESTAMP COMMENT '更新時間',
  PRIMARY KEY (`ID`)
) ENGINE=InnoDB AUTO_INCREMENT=16 DEFAULT CHARSET=utf8mb4 COLLATE=utf8mb4_unicode_520_ci;

--
-- 傾印資料表的資料 `product_all`
--

INSERT INTO `product_all` (`ID`, `Product_name`, `Description`, `Type_id`, `Price`, `Price_discount`, `Stock`, `Image_url`, `State`, `Created_at`, `Update_at`) VALUES
(1, 'Arc休閒椅', 'Arc', 1, 499, NULL, 0, NULL, 0, '2024-09-06 03:14:51', '2024-09-12 03:22:18'),
(2, 'Orbit咖啡桌', 'Orbit咖啡桌', 5, 999, NULL, 0, NULL, 1, '2024-09-06 07:01:07', '2024-09-10 06:37:14'),
(3, 'Flux方桌', '方桌/餐桌', 4, 1099, NULL, 0, NULL, 1, '2024-09-12 03:48:26', '2024-09-12 03:54:42'),
(4, 'Flux 餐桌', '餐桌/方桌', 5, 1099, NULL, 10, NULL, 1, '2024-09-12 03:51:45', '2024-09-12 03:53:32'),
(5, '22', '22', 4, 2, NULL, 2, NULL, 1, '2024-09-12 07:00:20', '2024-09-12 07:00:20'),
(6, '2', '2', 5, 22, NULL, 22, NULL, 1, '2024-09-12 07:00:32', '2024-09-12 07:00:32'),
(7, '22', '22', 2, 22, NULL, 22, NULL, 1, '2024-09-12 07:00:58', '2024-09-12 07:00:58'),
(8, '22', '22', 2, 22, NULL, 22, NULL, 1, '2024-09-12 07:11:14', '2024-09-12 07:11:14'),
(9, '333', '333', 4, 22, NULL, 22, NULL, 1, '2024-09-12 07:15:30', '2024-09-12 07:15:30'),
(10, '444', '222', 3, 222, NULL, 22, NULL, 1, '2024-09-12 07:16:05', '2024-09-12 07:16:05'),
(11, '222', '222', 6, 222, NULL, 222, NULL, 1, '2024-09-12 07:16:19', '2024-09-12 07:16:19'),
(12, '444', '222', 4, 22, NULL, 0, '20240913111513_chair02.jpg', 1, '2024-09-12 07:17:13', '2024-09-13 03:15:13'),
(13, '22', '22', 5, 22, NULL, 0, '20240913122514_chair02.jpg', 1, '2024-09-12 07:17:56', '2024-09-13 04:25:14'),
(14, '化妝鏡', '化妝鏡/圓', 3, 799, NULL, 0, '20240913112022_mirror01-lg.jpg', 1, '2024-09-12 07:22:02', '2024-09-13 03:45:48'),
(15, '杯子', '杯子/馬克杯', 3, 499, NULL, 0, '20240913123200_chair01.jpg', 1, '2024-09-13 04:28:40', '2024-09-13 04:32:00');

-- --------------------------------------------------------

--
-- 資料表結構 `product_type`
--

DROP TABLE IF EXISTS `product_type`;
CREATE TABLE IF NOT EXISTS `product_type` (
  `Type_id` int(11) NOT NULL AUTO_INCREMENT,
  `Product_type` varchar(30) COLLATE utf8mb4_unicode_520_ci NOT NULL,
  `Icon` varchar(30) COLLATE utf8mb4_unicode_520_ci DEFAULT NULL COMMENT '圖標',
  PRIMARY KEY (`Type_id`)
) ENGINE=InnoDB AUTO_INCREMENT=9 DEFAULT CHARSET=utf8mb4 COLLATE=utf8mb4_unicode_520_ci;

--
-- 傾印資料表的資料 `product_type`
--

INSERT INTO `product_type` (`Type_id`, `Product_type`, `Icon`) VALUES
(1, '沙發/椅子', 'fa-solid fa-couch fa-2x'),
(2, '辦公桌/辦公椅', 'fa-solid fa-mug-saucer fa-2x'),
(3, '床組/寢具', 'fa-solid fa-bed fa-2x'),
(4, '衛浴用品', 'fa-solid fa-shower fa-2x'),
(5, '廚具/餐具', 'fa-solid fa-kitchen-set fa-2x'),
(6, '燈具/照明', 'fa-regular fa-lightbulb fa-2x'),
(7, '窗簾/地毯', 'fa-solid fa-rug fa-2x'),
(8, '其他', 'fa-solid fa-stream fa-2x');
COMMIT;

/*!40101 SET CHARACTER_SET_CLIENT=@OLD_CHARACTER_SET_CLIENT */;
/*!40101 SET CHARACTER_SET_RESULTS=@OLD_CHARACTER_SET_RESULTS */;
/*!40101 SET COLLATION_CONNECTION=@OLD_COLLATION_CONNECTION */;
